Culture	84033.0551327917
Society	83964.64836795685
Humanities	81135.57333792261
Social sciences	79597.60307068429
Contents	79240.52000298478
Humans	78310.63217559278
Nationality	77141.57482468022
Anthropology	76866.94059820025
Fields of history	76409.94215997284
Structure	76149.19697245964
Academic disciplines	76087.69245474423
Society by nationality	75270.89088860311
Cultural spheres of influence	74697.36255461193
Political philosophy	74500.76841205012
Subfields by academic discipline	74460.0224443292
Cultures	74402.63092080808
Social groups	74076.41203034452
Places	73634.00505099582
Sociology of culture	73520.831210539
Sociology	73343.61321021541
